2,"201505/06/160507sxu6iuwaawpaay7b.jpg"
3,"201505/07/172718j6ntgnfv7snttnfy.jpg"
4,"201505/09/090116bt2oph3jqqwj8ax0.jpg"
5,"201505/09/090305eommsm81aaao7cbj.jpg"
6,"201505/09/090355rr44g8b84rg4lqlp.jpg"
7,"201505/09/090519nyg5hyyughysgqbb.jpg"
8,"201505/09/090649gnrb7sw7wkxs9s8l.jpg"
9,"201505/09/094106fkh3va20rru2u2wv.jpg"
10,"201505/09/095253oz6ooxumzvuxqzul.jpg"
11,"201505/09/140542dgd7hlv41vv9v099.png"
12,"201505/09/140545ph6w47shqyj4zw44.png"
13,"201505/09/171846apmr5b5k88z78qq1.png"
14,"201505/10/202828xbwujjrjx0dyelze.png"
16,"201505/10/204939dvgvb3t822x30q8v.png"
17,"201505/10/212000mj4ceuu2ascm46uf.png"
18,"201505/10/212004psijuuxxs119jgj9.png"
19,"201505/10/212037de9z08ux35j5qxs4.png"
20,"201505/10/212112wcd5tdp77b9iki99.png"
32,"201505/17/185611z2x4mm21dddkjk3d.png"
33,"201505/17/205529qbbim1uuw1wbitm5.png"
34,"201505/17/211420wj0vpddapaivcjg3.png"
35,"201505/17/221620gh4dwq49maonarfa.gif"
36,"201505/18/172947qq547v0p7akytyyy.jpg"
37,"201505/18/184934zlaxlu44fdmlxwlf.jpg"
38,"201505/18/190236ks2005zrndnrhz3r.jpg"
39,"201505/18/191122icpphct1p3h2duzu.jpg"
42,"201505/24/094703ynnxnn4ftt4ilvve.gif"
43,"201505/24/150209w4g7iri3wux49076.jpg"
44,"201505/24/182051gep9lkyjnkhyuceu.png"
45,"201505/24/182055p45eddnpeee4dctd.png"
46,"201505/24/182058yqm9cjrddsd6h98s.png"
47,"201505/24/182102u95jyc1yiyicfk9j.png"
48,"201505/24/182105hgi9nnozpgly9n9z.png"
49,"201505/24/192548okppvvqyk6qfq66o.jpg"
50,"201505/24/195513gnn55xs446x8w66x.gif"
51,"201505/24/195832fct00906qgooeg6g.gif"
52,"201505/24/200519wqkr2lgl2kl8n5hk.gif"
53,"201505/24/201130qiinlrd2nhtwzhhu.jpg"
54,"201505/24/201140bdsgcszh5lcx05vh.jpg"
55,"201505/27/105503dpsemllklskmggsh.jpg"
56,"201505/27/185054acm5tyakm25rye25.jpg"
57,"201505/31/095730spvx2lycl239dygd.jpg"
58,"201505/31/100213aqy6269vvy82g8fo.jpg"
59,"201505/31/100506oiyzcd542zy2f2m3.jpg"
60,"201505/31/100515hl81j1ppz55f7t4p.jpg"
61,"201505/31/100935jnh3hnjgbnugug6h.gif"
62,"201505/31/225400z6tc1zet191tqt75.jpg"
63,"201506/03/232025rwtkiafyy85gu1yh.jpg"
64,"201506/03/232035ozn8dfrstxs948vr.jpg"
65,"201506/04/214101rozd490aad2sd4ya.jpg"
66,"201506/06/120317s5hovk705g70dfww.jpg"
67,"201506/06/151723c9zy7c4zr79bc60w.jpg"
68,"201506/06/153856gm71md990ml0jwj9.jpg"
69,"201506/06/180458ncjizz5914iej5jp.jpg"
70,"201506/06/181713qqhymumbmumrlyxz.jpg"
71,"201506/06/183648k3a1xc0pv2lpxgau.jpg"
72,"201506/06/212042h1bh99abhhvsw1ps.png"
73,"201506/06/213532v028aclm3oac332f.jpg"
74,"201506/06/221241amqewwes1bgals1m.jpg"
75,"201506/07/132635uiii2k8hs7ff88k6.jpg"
76,"201507/14/140819i61txhkzj1h6llqk.jpg"
77,"201509/09/223053hj1pyoqqt3nqwjn1.png"
79,"201510/14/220230pnk9cchcnxp8glhu.png"
82,"201510/14/220307qlhrhl8l6tidd8lm.png"
83,"201510/14/220313tumrd13fixuaftw1.png"
84,"201510/18/214741blln24nk2delo3a3.jpg"
85,"201510/26/112331srcrxaxszctadsmu.jpg"
86,"201510/26/112346fo26zv6fv7lrv1nw.jpg"
87,"201510/26/112359hbn22hkykxh2hwbz.jpg"
88,"201510/26/112411t9g73owdgg7dbo85.jpg"
89,"201510/26/112428wa8p5q465ni5rido.jpg"
90,"201510/26/112441zoqdkqtqxfxdqrkj.jpg"
91,"201510/26/125128jw00sm6690sznitz.jpg"
92,"201510/31/120207axi9xjd0svjy94xs.jpg"
93,"201510/31/120208o4efesqqqschqc6j.jpg"
94,"201510/31/121259l4r0m443l0rzx4mm.jpg"
95,"201510/31/193534c8i1g6b3ab3paub3.jpg"
96,"201510/31/193534tu0rl7o036ee8mu0.jpg"
97,"201510/31/212330u2w5jnnczobnu2bu.jpg"
98,"201511/01/220340wwhlbipllhw2ghz2.jpg"
99,"201511/01/220521nm4m8sp8ps4sz4kt.jpg"
100,"201511/01/221239qvf1gxvxfzlc1m9e.jpg"
102,"201511/01/221924dz479ksnqgn7hsqy.png"
103,"201511/06/212126wl7a1g79yg5ssgzg.jpg"
104,"201511/06/212151xx7efgqx2tzafika.jpg"
105,"201511/06/212633vcvk2r2zf7rm0pkg.jpg"
106,"201511/07/115520zr7sx5q555kknksx.jpg"
107,"201511/07/115526iu7hlgkfflzf7up3.jpg"
108,"201511/07/115531u69ttz2v36tilghl.jpg"
109,"201511/07/115919gun717nsoawopb1a.jpg"
110,"201511/07/115945dxmcarurjzjho4ec.jpg"
111,"201511/08/220337do3y1gy2dpo3evpk.jpg"
112,"201511/08/220419eop63nttnm110n62.jpg"
114,"201511/08/220754j808ob0bs0gj6pem.jpg"
115,"201511/18/222912ejo1fs1sgj1djl5s.jpg"
116,"201511/18/223709ea5ab5rxqabkzj2b.jpg"
117,"201511/18/224143x3r3il2o444lz6l8.jpg"
118,"201511/18/224830osb33c20pmosmg89.jpg"
119,"201511/18/231012dbg9gw3zoqqhhh39.jpg"
121,"201511/18/231905xfbj7swqsebsa8fe.jpg"
123,"201511/18/232329ebb4nuabhr6wan77.jpg"
124,"201511/19/155945v2ek2ekkeo0ev0k7.jpg"
125,"201511/28/215946cbjbxm1njjj33d1x.jpg"
126,"201512/21/085443gmav1ewahu4dypih.jpg"
128,"201512/21/085921kymu5umzy3f8enm8.jpg"
129,"201512/21/090619ust0gsommpszumm8.jpg"
130,"201512/25/211644gt7m77z78tm7gmmg.jpg"
131,"201512/25/212012xzjizzwaowa3mnhh.jpg"
132,"201512/25/215317a96608tmp84pvqpz.jpg"
133,"201512/25/221511h4wickki0k9hwzq2.jpg"
134,"201512/25/223129geenupseeeufxzgx.jpg"
135,"201601/05/215834er0obqvr3s0lkygm.jpg"
136,"201601/05/221214qz6gksg7iugngzcz.jpg"
137,"201601/10/205840sqsjfq8feoyotijn.jpg"
138,"201601/18/224120lwbqo8y9wvvowlq1.jpg"
139,"201601/18/224151vir1010wew4qri1i.jpg"
140,"201601/18/224220uxtze7prxlr6mxlu.jpg"
141,"201601/24/101151c5xs5xey3053yr55.jpg"
143,"201601/24/113310ca0i4l1lua4i8glg.jpg"
144,"201601/24/122343kxtiym91y8t1chbq.jpg"
146,"201601/24/133131kvpvbw11viuuxppa.jpg"
147,"201601/24/202200u72ue5lu17a11plx.jpg"
148,"201601/24/210109xuvim0btqa87zxdv.jpg"
149,"201601/24/210419iar5361v0ir9ahhm.jpg"
150,"201601/24/210938l6ygauj5edagdpt3.jpg"
151,"201601/24/211244ddfnkc4tlkf44thu.jpg"
152,"201601/26/120308lnlamc0cflcct3wb.jpg"
153,"201601/28/144913rghhho2douwwu0d1.png"
154,"201601/30/095504j9tjennttwqlfwe5.jpg"
155,"201602/16/220452jomhnh0e2lvevmtv.jpg"
161,"201602/19/220002feafc66m66dnrfng.jpg"
162,"201602/19/220010wzqz8rqanjzddanq.jpg"
163,"201602/19/220020ce0alxhykuo6xulo.jpg"
164,"201602/19/220038prk4o4rer0s943yy.jpg"
165,"201602/20/000211mtmdxm0whw1btdm1.jpg"
168,"201602/20/224244dgtlmm29l9ojoxmy.jpg"
169,"201602/20/224251qsohwlzhloaczonn.jpg"
170,"201602/20/233157nqye4vveny3zsvn9.jpg"
171,"201602/20/233233a602zt5yafhvozya.jpg"
172,"201602/20/233804grfyefzdt5z0so01.jpg"
173,"201602/20/234206b1onof1n138qbn31.jpg"
174,"201602/21/095342owxpxpmmtmfwuxm2.jpg"
175,"201602/21/193521z4ubhbzh13p444vf.jpg"
176,"201602/21/205439qmvag4vlb9lvfue6.jpg"
177,"201602/21/214729mg9pqpf9sl1ytatl.jpg"
179,"201602/28/192311bdxosxjrpjdfgxer.jpg"
180,"201602/28/204021irccezcv2tkny2nh.jpg"
181,"201603/01/213614aexeub1s60uz1r8o.jpg"
182,"201603/02/133350vu6yuj1pauyauamu.jpg"
183,"201603/04/001237ehauiaappfljzaai.jpg"
184,"201603/04/001647xfljf8x78brvmdn7.jpg"
185,"201603/04/001838moqea2awabsewm3e.jpg"
186,"201603/04/010139kfresr51e4sz4hlz.gif"
187,"201603/04/211352kwoetsr8gz3r5soq.gif"
188,"201603/07/094100hbr33rdbx4808t83.jpg"
189,"201603/07/125955z60cv69f0crxfx91.jpg"
190,"201603/08/213250bl7ndcjjg85c5e3e.jpg"
191,"201603/08/214800q1f616pi3q3il1op.jpg"
192,"201603/08/214848dctzwa005a68j6ky.jpg"
193,"201603/08/225330aphp0djzje5jahhn.jpg"
194,"201603/08/225645d6rzrlo9lu6ru7ro.jpg"
195,"201603/08/225819bwzp1jna0011d4ws.jpg"
196,"201603/08/225902jfr2pfd923nz9wfo.jpg"
197,"201603/08/225958hqzo4veuuezeuobo.jpg"
198,"201603/08/230031tb7blgrqt353h347.jpg"
199,"201603/10/210043e2a2yazbbjkcxrxy.jpg"
201,"201603/12/124430qo7uoruidko7dste.jpg"
202,"201603/12/124649s007iot08er3rgsr.png"
203,"201603/16/174143h0lqfvj0jiq0jjiu.jpg"
204,"201603/16/181728giv8v82pze4magn8.jpg"
205,"201603/18/162230mppqddhksan3yj7f.jpg"
206,"201603/22/124840cwbm9wwjtl4ow3lw.jpg"
207,"201603/23/165426q3o035smzpy1i35w.jpg"
208,"201603/25/143207hise60zan61xe17n.png"
209,"201603/25/144423nhcpgxrj533mzjlc.jpg"
210,"201603/27/205411g4n7t3qndzon74oj.jpg"
212,"201603/27/212005y4u7kyqz8wp4blvk.jpg"
214,"201603/28/110657sw2kw2hm1yghgywt.attach"
215,"201603/28/171738zu13uiczt11tjisu.jpg"
216,"201603/29/212437xsd1bwdb77q7iqd9.jpg"
217,"201603/29/212447r3eqcgbbdtbqtdhg.jpg"
218,"201603/29/212731emy61qkull6lf159.jpg"
219,"201603/29/212732s8ep6zh816td1z9e.jpg"
220,"201604/06/201455u1qt15nfd2xfq00f.jpg"
221,"201604/06/201459vsit7dodojg311oi.jpg"
222,"201604/10/112240lt2fcgcrgcngge2f.jpg"
223,"201604/10/113713cuwvw6sw7rqyqstm.jpg"
224,"201604/10/173837ww6ixwgu69665xwt.jpg"
225,"201604/10/173837b77u7zp2px9yrucb.jpg"
226,"201604/10/173838ld6wwu9jww7z17uw.jpg"
227,"201604/10/173839ldloqhqrhq8vgcgq.jpg"
228,"201604/10/173839lzw232fh9i2krhp1.jpg"
229,"201604/10/181243dvkf5ike1qy8ik37.jpg"
230,"201604/10/181244d69vc6ii475kx7x7.jpg"
231,"201604/10/181244z3k9j9qqlq9qlq2a.jpg"
232,"201604/10/181246wtey7at7n7cl7ff8.jpg"
233,"201604/10/181247n9hpidn2h999vbbn.jpg"
234,"201604/10/181248lqweh6r2emufcd7q.jpg"
235,"201604/10/195347ojik6klmvtwh6kwl.jpg"
236,"201604/10/195402im3y1a4gmcgyfxjy.jpg"
237,"201604/10/195429zfvl6a3295lsbzqn.jpg"
238,"201604/10/195444t19c0k72ybaaz2iy.jpg"
239,"201604/10/202959et5da8oorpdaatzb.jpg"
241,"201604/10/203049zqz16sp6o1olzi02.jpg"
242,"201604/13/173937jxywa4wwvwyxi9ct.jpg"
246,"201604/16/112123hlrz0k7rekzp6p32.zip"
247,"201604/16/112448nc8ogidz3tciziii.jpg"
248,"201604/16/113108os3dstthh46h62t9.jpg"
249,"201604/17/215057owzqcxspf6nxxuoo.jpg"
250,"201604/22/212515jjqbzrzbpp2j22i2.jpg"
251,"201604/22/212627eoyffyc4vg4oc4qc.jpg"
252,"201604/22/212757pi3yo1lvx3lv8kii.jpg"
253,"201604/22/212810q3f1usxg0hduof21.jpg"
254,"201604/22/212924yy7hw4jlyz45azlj.jpg"
255,"201604/22/213136m0dlnnrdnkzajakw.jpg"
256,"201604/22/213325cfilsy2q1tdviq1f.jpg"
257,"201604/22/214015e4sz59xu3is3jkzc.jpg"
258,"201604/23/183618zjod8zx6dq6zjcrt.jpg"
259,"201604/23/183918snnvmv5mee5vveos.jpg"
260,"201604/24/091505jb488940q6723dap.jpg"
261,"201604/24/180643gskzsckv27v1ke2k.jpg"
262,"201605/03/072317uy99tw1yx2q69yea.zip"
263,"201605/03/114139seclv7wz5i3pzfzh.jpg"
264,"201605/16/095654l6fbskl8szbk76zb.jpg"
265,"201605/16/115207jldp1pa37u1j4plj.jpg"
266,"201605/16/115802sbeebbzbbybfhlbu.jpg"
267,"201605/16/120441ubpjew6p5qqzqepv.jpg"
268,"201605/17/101241ddkclkwmm9kmxppc.jpg"
269,"201605/29/110032pt3wt1c17v9whdq7.jpg"
270,"201605/29/110300ot5aeyyyg7zvqy77.jpg"
271,"201605/29/110617noi0xx3erohvfieo.jpg"
272,"201607/13/214101bzm5hpap58mzi7iw.jpg"
273,"201607/13/214300nc9ck0y3dc8ioh9h.jpg"
274,"201607/13/214503mpvy967ud6mdgf66.png"
275,"201607/13/220018t2c7v87h2o7ohyhv.jpg"
276,"201607/13/220322x5g3wrwv54wsvnv3.png"
277,"201607/17/172557gy0kbb2obl108loo.jpg"
278,"201607/17/175851u880mt0nab8gokgo.jpg"
279,"201610/16/101459bzcsyvc0afprfzpr.png"
280,"201611/19/123925n6eidjh8vvjhdjgi.jpg"
281,"201611/19/123927re9lbs9se9psu8pe.jpg"
282,"201611/19/123928l532rir2kdqn1gef.jpg"
283,"201611/19/123930izipe7h4xziiixag.jpg"
284,"201612/23/075956g68f66t5jfgp15j6.jpg"
285,"201612/23/080235nyyjeycyr48weyju.jpg"
286,"201701/05/114910lpmqslpv8uvixvul.png"
287,"201701/08/173907gsmomjmvbmwg1m1s.jpg"
288,"201701/08/174502yymv7mbmb121ogfm.jpg"
289,"201701/08/175056bauutt1gaazngnff.jpg"
290,"201701/25/140211nvs0j0jnccrb1br0.jpg"
291,"201701/25/140218ksvmu1mowqjs23m1.jpg"
292,"201701/26/145002kmot6f9mokp7puoy.jpg"
293,"201701/26/145749jheoumqaekj5mme1.jpg"
294,"201702/02/125738dbdhzwaxt5kpada9.jpg"
295,"201702/02/125822y0x1ttxuatmtt0pb.jpg"
296,"201702/02/141001j02opni9pnloza1n.jpg"
297,"201702/04/220525qipnofi3mz1pmu55.jpg"
298,"201702/08/232007ppt8krr014s0p9c3.attach"
299,"201702/11/094354i28wod00pu0cdyap.jpg"
300,"201702/11/094431j8c39zuv300ukvvf.jpg"
301,"201702/11/095259dqh4b97tf49tbjuu.zip"
302,"201702/11/095503ytmlsunn12uya4au.jpg"
303,"201702/11/095742i2xjxgc00ao000o8.jpg"
305,"201702/11/100049h9qmhrrqk0rwarv9.jpg"
306,"201702/11/100631xvmw9zz7bz3zaag8.jpg"
307,"201702/17/071828sf2knq8aqeebpa9y.jpg"
308,"201702/17/072048o0u5t0k6s0r5mot0.jpg"
309,"201702/22/222046llzgbbrhgkeg2rh7.jpg"
310,"201702/22/222652h8klyp8t12kkukel.jpg"
311,"201704/23/124747cy21g17e2a1r2zva.attach"
312,"201705/08/211057v11q819e0z58zw8r.jpg"
313,"201705/08/211154fwznvn22r2vzn28z.jpg"
315,"201705/11/072241qbukbbikty0u3ltk.jpg"
316,"201705/12/063324c2j53rwjgzrr3r4g.jpg"
317,"201705/12/063411otljk3lj3kjtrrss.jpg"
